Town,Planning Region
Andover,Capitol
Avon,Capitol
Berlin,Capitol
Bloomfield,Capitol
Bolton,Capitol
Canton,Capitol
Columbia,Capitol
Coventry,Capitol
East Granby,Capitol
East Hartford,Capitol
East Windsor,Capitol
Ellington,Capitol
Enfield,Capitol
Farmington,Capitol
Glastonbury,Capitol
Granby,Capitol
Hartford,Capitol
Hebron,Capitol
Manchester,Capitol
Mansfield,Capitol
Marlborough,Capitol
New Britain,Capitol
Newington,Capitol
Plainville,Capitol
Rocky Hill,Capitol
Simsbury,Capitol
Somers,Capitol
South Windsor,Capitol
Southington,Capitol
Stafford,Capitol
Suffield,Capitol
Tolland,Capitol
Vernon,Capitol
West Hartford,Capitol
Wethersfield,Capitol
Willington,Capitol
Windsor,Capitol
Windsor Locks,Capitol
Bridgeport,Greater Bridgeport
Easton,Greater Bridgeport
Fairfield,Greater Bridgeport
Monroe,Greater Bridgeport
Stratford,Greater Bridgeport
Trumbull,Greater Bridgeport
Chester,Lower CT River Valley
Clinton,Lower CT River Valley
Cromwell,Lower CT River Valley
Deep River,Lower CT River Valley
Durham,Lower CT River Valley
East Haddam,Lower CT River Valley
East Hampton,Lower CT River Valley
Essex,Lower CT River Valley
Haddam,Lower CT River Valley
Killingworth,Lower CT River Valley
Lyme,Lower CT River Valley
Middlefield,Lower CT River Valley
Middletown,Lower CT River Valley
Old Lyme,Lower CT River Valley
Old Saybrook,Lower CT River Valley
Portland,Lower CT River Valley
Westbrook,Lower CT River Valley
Ansonia,Naugatuck Valley
Beacon Falls,Naugatuck Valley
Bethlehem,Naugatuck Valley
Bristol,Naugatuck Valley
Cheshire,Naugatuck Valley
Derby,Naugatuck Valley
Middlebury,Naugatuck Valley
Naugatuck,Naugatuck Valley
Oxford,Naugatuck Valley
Plymouth,Naugatuck Valley
Prospect,Naugatuck Valley
Seymour,Naugatuck Valley
Shelton,Naugatuck Valley
Southbury,Naugatuck Valley
Thomaston,Naugatuck Valley
Waterbury,Naugatuck Valley
Watertown,Naugatuck Valley
Wolcott,Naugatuck Valley
Woodbury,Naugatuck Valley
Ashford,Northeast CT
Brooklyn,Northeast CT
Canterbury,Northeast CT
Chaplin,Northeast CT
Eastford,Northeast CT
Hampton,Northeast CT
Killingly,Northeast CT
Plainfield,Northeast CT
Pomfret,Northeast CT
Putnam,Northeast CT
Scotland,Northeast CT
Sterling,Northeast CT
Thompson,Northeast CT
Union,Northeast CT
Voluntown,Northeast CT
Woodstock,Northeast CT
Barkhamsted,Northwest Hills
Burlington,Northwest Hills
Canaan,Northwest Hills
Colebrook,Northwest Hills
Cornwall,Northwest Hills
Goshen,Northwest Hills
Hartland,Northwest Hills
Harwinton,Northwest Hills
Kent,Northwest Hills
Litchfield,Northwest Hills
Morris,Northwest Hills
New Hartford,Northwest Hills
Norfolk,Northwest Hills
North Canaan,Northwest Hills
Roxbury,Northwest Hills
Salisbury,Northwest Hills
Sharon,Northwest Hills
Torrington,Northwest Hills
Warren,Northwest Hills
Washington,Northwest Hills
Winchester,Northwest Hills
Bethany,South Central
Branford,South Central
East Haven,South Central
Guilford,South Central
Hamden,South Central
Madison,South Central
Meriden,South Central
Milford,South Central
New Haven,South Central
North Branford,South Central
North Haven,South Central
Orange,South Central
Wallingford,South Central
West Haven,South Central
Woodbridge,South Central
Bozrah,Southeastern CT
Colchester,Southeastern CT
East Lyme,Southeastern CT
Franklin,Southeastern CT
Griswold,Southeastern CT
Groton,Southeastern CT
Lebanon,Southeastern CT
Ledyard,Southeastern CT
Lisbon,Southeastern CT
Montville,Southeastern CT
New London,Southeastern CT
North Stonington,Southeastern CT
Norwich,Southeastern CT
Preston,Southeastern CT
Salem,Southeastern CT
Sprague,Southeastern CT
Stonington,Southeastern CT
Waterford,Southeastern CT
Windham,Southeastern CT
Bethel,Western CT
Bridgewater,Western CT
Brookfield,Western CT
Danbury,Western CT
Darien,Western CT
Greenwich,Western CT
New Canaan,Western CT
New Fairfield,Western CT
New Milford,Western CT
Newtown,Western CT
Norwalk,Western CT
Redding,Western CT
Ridgefield,Western CT
Sherman,Western CT
Stamford,Western CT
Weston,Western CT
Westport,Western CT
Wilton,Western CT
